Product Name,Price Details,Status
PackTowl Personal Towel,$15.95 - $52.95,Price Range
TheTentLab The Deuce #2 UL Backcountry Trowel,"Sale: $14.93, Originally: $19.95, Savings: Save 25%",Sale Price
REI Co-op Nalgene Sustain Graphic Wide-Mouth Water Bottle - 32 fl. oz.,"Sale: $10.93, Originally: - $15.95",Sale Price (unknown savings %)
REI Co-op Trailgate Vehicle Shelter,"Sale: $73.83, Originally: $149.00, Savings: Save 50%",Sale Price
MPOWERD Luci Candle Lantern,"Sale: $12.73, Originally: $19.99, Savings: Save 36%",Sale Price
ALPS Mountaineering Dash Chair,"Sale: $44.73, Originally: $119.99, Savings: Save 62%",Sale Price
REI Co-op Wallace Lake Sherpa Fleece Blanket,"Sale: $44.93, Originally: $89.95, Savings: Save 50%",Sale Price
Mountain Summit Gear 4-Person Enamel Tableware Set,"Sale: $26.73, Originally: $60.00, Savings: Save 55%",Sale Price
Outdoor Research Dirty/Clean Bag,"Sale: $26.73 - $30.73, Originally: $39.00 - $45.00, Savings: Save 31%",Sale Price
REI Co-op Trail 2 Print Waist Pack,"Sale: $20.93, Originally: $29.95, Savings: Save 30%",Sale Price
Sea to Summit Ultra-Sil Dry Sack - Set of 3,"Sale: $41.73, Originally: $59.95, Savings: Save 30%",Sale Price
Black Diamond Astro 250 Headlamp,"Sale: $14.73, Originally: $19.95, Savings: Save 26%",Sale Price
Nomadix Original Towel,"Sale: $27.93, Originally: - $39.95",Sale Price (unknown savings %)
MPOWERD Luci Pro Series Inflatable Solar Lantern,"Sale: $34.73, Originally: $49.99, Savings: Save 30%",Sale Price
Princeton Tec Snap Solo Headlamp,"Sale: $20.73, Originally: $39.95, Savings: Save 48%",Sale Price
Sea to Summit View Dry Sack,"Sale: $17.73 - $19.73, Originally: $25.95 - $28.95, Savings: Save 31%",Sale Price
Nocs Provisions Honor Native Land Binocular Bundle,"Sale: $89.93, Originally: $130.00, Savings: Save 30%",Sale Price
Gerber Armbar Slim Drive Multi-Tool,"Sale: $29.73, Originally: $40.00, Savings: Save 25%",Sale Price
Mountain Summit Gear Northwood Series II 4-Person Backpacking Tent,"Sale: $112.73, Originally: $284.99, Savings: Save 60%",Sale Price
MiiR Pourigami,"Sale: $21.93, Originally: $29.95, Savings: Save 26%",Sale Price
Cotopaxi Luzon 18 L Pack - Del Dia,"Sale: $44.93, Originally: $60.00, Savings: Save 25%",Sale Price
"Big Agnes Hinman Self-Inflating Sleeping Pad - 78 x 50 x 4""","Sale: $155.73, Originally: $279.95, Savings: Save 44%",Sale Price
Sea to Summit Delta Camp Set,"Sale: $21.93, Originally: $29.95, Savings: Save 26%",Sale Price
Mountainsmith Antero +35 Sleeping Bag,"Sale: $64.73, Originally: $119.95, Savings: Save 46%",Sale Price
Sea to Summit Camp Cutlery 3-Piece Set,"Sale: $3.73, Originally: $5.95, Savings: Save 37%",Sale Price
Ignik Hand Warmers - 1 Pair,"Sale: $0.93, Originally: $1.95, Savings: Save 52%",Sale Price
Big Agnes Big Six Camp Chair,"Sale: $107.73, Originally: $199.95, Savings: Save 46%",Sale Price
REI Co-op Skyward 4 Tent,"Sale: $260.93, Originally: $374.00, Savings: Save 30%",Sale Price
Nikon Monarch M7 8 x 42 Binoculars,"Sale: $439.99, Originally: $489.95, Savings: Save 10%",Sale Price
Nikon Monarch M5 8 x 42 Binoculars,"Sale: $259.99, Originally: $289.95, Savings: Save 10%",Sale Price
